{"_step":163,"train_loss":0.12145338207483292,"train_accuracy":0.96875,"_timestamp":1.768165911347764e+09,"val_loss":0.6549332141876221,"val_accuracy":0.625,"_wandb":{"runtime":101},"_runtime":101}