{"_step":162,"train_loss":0.2898428440093994,"train_accuracy":0.875,"_timestamp":1.768165651561752e+09,"_wandb":{"runtime":178},"_runtime":178}