{"_timestamp":1.7682353921332328e+09,"_step":163,"train_loss":0.18522751331329346,"val_loss":0.47945302724838257,"val_accuracy":0.6875,"_wandb":{"runtime":164},"_runtime":164,"train_accuracy":0.90625}